idx,label,requestType,methodCalls,instructions,elapsedMs,paramSummary
1,frac_iter_50,fractals,4,92581961,196,"h=400; iterations=50; w=400"
2,frac_iter_200,fractals,4,137983161,50,"h=400; iterations=200; w=400"
3,frac_iter_500,fractals,4,140705315,56,"h=400; iterations=500; w=400"
4,frac_iter_1000,fractals,4,140705315,44,"h=400; iterations=1000; w=400"
5,frac_iter_2000,fractals,4,140705315,39,"h=400; iterations=2000; w=400"
6,frac_wh_90k,fractals,4,68864329,19,"h=300; iterations=100; w=300"
7,frac_wh_480k,fractals,4,366980645,122,"h=600; iterations=100; w=800"
8,frac_wh_1.92M,fractals,4,1467015279,391,"h=1200; iterations=100; w=1600"
9,gs_s128_center,grayscott,65536250,5381221184,1131,"stopOnExtinction=false; maxIterations=2000; size=128; seedMode=center"
10,gs_s128_ring,grayscott,65537375,5381767627,1058,"stopOnExtinction=false; maxIterations=2000; size=128; seedMode=ring"
11,gs_s128_stripe,grayscott,65537159,5381258828,951,"stopOnExtinction=false; maxIterations=2000; size=128; seedMode=stripe"
12,gs_death_run,grayscott,16384154,1346955858,236,"stopOnExtinction=false; maxIterations=2000; k=0.051; size=64; f=0.022; seedMode=center"
13,gs_death_stop,grayscott,16384154,1346975858,247,"stopOnExtinction=true; maxIterations=2000; k=0.051; size=64; f=0.022; seedMode=center"
14,frac_heavy_1500,fractals,4,1980587915,581,"h=1500; iterations=1000; w=1500"
15,gs_heavy_s384,grayscott,589825882,48392118033,8897,"stopOnExtinction=false; maxIterations=2000; size=384; seedMode=center"
16,dna_200,dna,417,24986,24,"seq2=s2:ATGCATGCATGCATGCATGCATGCATGCATGCATGCATGCATGCATGCATATGCATGCATGCATGCATGCATGCATGCATGCATGCATGCATGCATGCATATGCATGCATGCATGCATGCATGCATGCATGCATGCATGCATGCATGCATATGCATGCATGCATGCATGCATGCATGCATGCATGCATGCATGCATGCAT; seq1=s1:ATGCATGCATGCATGCATGCATGCATGCATGCATGCATGCATGCATGCATATGCATGCATGCATGCATGCATGCATGCATGCATGCATGCATGCATGCATATGCATGCATGCATGCATGCATGCATGCATGCATGCATGCATGCATGCATATGCATGCATGCATGCATGCATGCATGCATGCATGCATGCATGCATGCAT; minLength=3; stopOnFirst=false"
17,dna_500,dna,1017,61502,2,"seq2=s2:ATGCATGCATGCATGCATGCATGCATGCATGCATGCATGCATGCATGCATATGCATGCATGCATGCATGCATGCATGCATGCATGCATGCATGCATGCATATGCATGCATGCATGCATGCATGCATGCATGCATGCATGCATGCATGCATATGCATGCATGCATGCATGCATGCATGCATGCATGCATGCATGCATGCATATGCATGCATGCATGCATGCATGCATGCATGCATGCATGCATGCATGCATATGCATGCATGCATGCATGCATGCATGCATGCATGCATGCATGCATGCATATGCATGCATGCATGCATGCATGCATGCATGCATGCATGCATGCATGCATATGCATGCATGCATGCATGCATGCATGCATGCATGCATGCATGCATGCATATGCATGCATGCATGCATGCATGCATGCATGCATGCATGCATGCATGCATATGCATGCATGCATGCATGCATGCATGCATGCATGCATGCATGCATGCAT; seq1=s1:ATGCATGCATGCATGCATGCATGCATGCATGCATGCATGCATGCATGCATATGCATGCATGCATGCATGCATGCATGCATGCATGCATGCATGCATGCATATGCATGCATGCATGCATGCATGCATGCATGCATGCATGCATGCATGCATATGCATGCATGCATGCATGCATGCATGCATGCATGCATGCATGCATGCATATGCATGCATGCATGCATGCATGCATGCATGCATGCATGCATGCATGCATATGCATGCATGCATGCATGCATGCATGCATGCATGCATGCATGCATGCATATGCATGCATGCATGCATGCATGCATGCATGCATGCATGCATGCATGCATATGCATGCATGCATGCATGCATGCATGCATGCATGCATGCATGCATGCATATGCATGCATGCATGCATGCATGCATGCATGCATGCATGCATGCATGCATATGCATGCATGCATGCATGCATGCATGCATGCATGCATGCATGCATGCAT; minLength=3; stopOnFirst=false"
18,dna_500_stopFirst,dna,1017,61484,1,"seq2=s2:ATGCATGCATGCATGCATGCATGCATGCATGCATGCATGCATGCATGCATATGCATGCATGCATGCATGCATGCATGCATGCATGCATGCATGCATGCATATGCATGCATGCATGCATGCATGCATGCATGCATGCATGCATGCATGCATATGCATGCATGCATGCATGCATGCATGCATGCATGCATGCATGCATGCATATGCATGCATGCATGCATGCATGCATGCATGCATGCATGCATGCATGCATATGCATGCATGCATGCATGCATGCATGCATGCATGCATGCATGCATGCATATGCATGCATGCATGCATGCATGCATGCATGCATGCATGCATGCATGCATATGCATGCATGCATGCATGCATGCATGCATGCATGCATGCATGCATGCATATGCATGCATGCATGCATGCATGCATGCATGCATGCATGCATGCATGCATATGCATGCATGCATGCATGCATGCATGCATGCATGCATGCATGCATGCAT; seq1=s1:ATGCATGCATGCATGCATGCATGCATGCATGCATGCATGCATGCATGCATATGCATGCATGCATGCATGCATGCATGCATGCATGCATGCATGCATGCATATGCATGCATGCATGCATGCATGCATGCATGCATGCATGCATGCATGCATATGCATGCATGCATGCATGCATGCATGCATGCATGCATGCATGCATGCATATGCATGCATGCATGCATGCATGCATGCATGCATGCATGCATGCATGCATATGCATGCATGCATGCATGCATGCATGCATGCATGCATGCATGCATGCATATGCATGCATGCATGCATGCATGCATGCATGCATGCATGCATGCATGCATATGCATGCATGCATGCATGCATGCATGCATGCATGCATGCATGCATGCATATGCATGCATGCATGCATGCATGCATGCATGCATGCATGCATGCATGCATATGCATGCATGCATGCATGCATGCATGCATGCATGCATGCATGCATGCAT; minLength=3; stopOnFirst=true"
